{
  "model-dr-sensitivity": {
    "value": 0.8847058823529412,
    "power": {
      "n": 1279,
      "n_clusters": 1160,
      "groups": {},
      "ci_low": 0.851569886435674,
      "ci_high": 0.9127379656507015,
      "ci_level": 0.95,
      "method": "cluster_bootstrap",
      "n_boot": 1000,
      "seed": 42
    }
  },
  "model-dr-ppv": {
    "value": 0.40736728060671723,
    "power": {
      "n": 1279,
      "n_clusters": 1160,
      "groups": {},
      "ci_low": 0.3744510835298788,
      "ci_high": 0.43969639804383165,
      "ci_level": 0.95,
      "method": "cluster_bootstrap",
      "n_boot": 1000,
      "seed": 42
    }
  },
  "dr-performance-disparity": {
    "value": 0.0311525789341488,
    "power": {
      "n": 1279,
      "n_clusters": 1160,
      "groups": {
        "Male": 693,
        "Female": 586
      },
      "ci_low": 0.0018007975205028256,
      "ci_high": 0.08237339487546419,
      "ci_level": 0.95,
      "method": "cluster_bootstrap",
      "n_boot": 1000,
      "seed": 42
    }
  },
  "dr-sensitivity-disparity-sex": {
    "value": 0.0311525789341488,
    "power": {
      "n": 1279,
      "n_clusters": 1160,
      "groups": {
        "Male": 693,
        "Female": 586
      },
      "ci_low": 0.0018007975205028256,
      "ci_high": 0.08237339487546419,
      "ci_level": 0.95,
      "method": "cluster_bootstrap",
      "n_boot": 1000,
      "seed": 42
    }
  },
  "dr-sensitivity-disparity-age": {
    "value": 0.02990333229707931,
    "power": {
      "n": 1279,
      "n_clusters": 1160,
      "groups": {
        "mayor": 1012,
        "joven": 267
      },
      "ci_low": 0.0015036704548313177,
      "ci_high": 0.09212992210775035,
      "ci_level": 0.95,
      "method": "cluster_bootstrap",
      "n_boot": 1000,
      "seed": 42
    }
  }
}